,name,PlayerId,position
0,Devin Williams,33224,RP
1,Luis Arraez,39572,1B-2B-DH
2,Trea Turner,33710,SS
3,Edwin Diaz,35394,RP
4,Yainer Diaz,4781491,C-DH
5,Will Smith,38309,C
6,Luis Castillo,35124,SP
7,Josh Naylor,35066,1B
8,Cody Bellinger,33912,1B-CF-RF-DH
9,Ryan Walker,5000950,RP
10,Joe Ryan,42450,SP
11,Vinnie Pasquantino,4109109,1B-DH
12,Bryce Miller,4654313,SP
13,Christian Walker,32758,1B
14,Felix Bautista,4905859,RP
15,Nico Hoerner,41219,2B
16,Roki Sasaki,5134638,SP
17,Jhoan Duran,41109,RP
18,Spencer Steer,4722857,1B-LF
19,Jurickson Profar,31117,LF
20,Andres Munoz,40939,RP
21,Hunter Brown,4717803,SP
22,Christian Yelich,31283,LF-DH
23,Brendan Donovan,41773,2B-LF
24,Kodai Senga,4142421,SP
25,Spencer Schwellenbach,4424862,SP
26,Riley Greene,42179,LF-CF-DH
27,Alexis Diaz,4905920,RP
28,Willson Contreras,32532,C-DH
29,David Bednar,38303,RP
30,Sean Manaea,33244,SP
31,Lawrence Butler,4917919,RF
32,Brandon Pfaadt,4721302,SP
33,Matt McLain,4422899,2B-SS
34,Alec Burleson,4345070,LF-RF-DH
35,Cristopher Sanchez,42359,SP
36,Oneil Cruz,39712,SS-CF
37,Nick Castellanos,31187,RF
38,Ronel Blanco,41829,SP
39,Justin Martinez,5116851,RP
40,Jung Hoo Lee,5134621,CF
41,Jeff Hoffman,33841,RP
42,Shea Langeliers,42598,C
43,Ryan Pressly,33072,RP
44,Keibert Ruiz,38827,C
45,Taj Bradley,42480,SP
46,Jonathan India,41171,2B
47,Jordan Westburg,4298641,2B-3B
48,Triston Casas,41180,1B
49,Lucas Erceg,36618,RP
50,Reynaldo Lopez,33860,SP
51,Bowden Francis,4734325,SP-RP
52,Maikel Garcia,4905884,2B-3B
53,Shane McClanahan,41199,SP
54,Bo Bichette,38904,SS
55,J.T. Realmuto,32177,C
56,Tyler Stephenson,34975,C
57,Pete Fairbanks,42180,RP
58,Francisco Alvarez,41253,C
59,Sandy Alcantara,35241,SP
60,Gabriel Moreno,42464,C
61,Dylan Crews,4719511,RF
62,Brenton Doyle,42462,CF
63,Luis Garcia Jr.,40459,2B
64,Griffin Jax,42604,RP
65,Trevor Megill,40080,RP
66,Mark Vientos,41034,3B
67,Willi Castro,34230,2B-3B-SS-LF-CF
68,Brandon Woodruff,37515,SP
69,A.J. Puk,36201,RP
70,Nick Martinez,33372,SP-RP
71,Nathaniel Lowe,40538,1B
72,Anthony Volpe,42547,SS
73,Alejandro Kirk,42081,C
74,Bryan Abreu,41208,RP
75,Cade Smith,4987924,RP
76,Spencer Horwitz,4228472,1B-2B
77,Luke Weaver,33770,RP
78,Matthew Shaw,4867667,2B-3B-SS
79,Kerry Carpenter,42714,RF-DH
80,Austin Wells,4683349,C
81,Shane Baz,39639,SP
82,Nestor Cortes,36480,SP
83,Jason Foley,42698,RP
84,Aroldis Chapman,30442,RP
85,Xavier Edwards,41326,SS
86,Carlos Santana,30280,1B
87,Porter Hodge,5185133,RP
88,Pete Crow-Armstrong,4717833,CF
89,Ben Joyce,4867388,RP
90,Luis Severino,33263,SP
91,Merrill Kelly,32968,SP
92,Kenley Jansen,29630,RP
93,Michael Wacha,32640,SP
94,Ryan Pepiot,4208281,SP
95,Connor Norby,4417606,2B-3B
96,Ryan Jeffers,41587,C-DH
97,Shane Bieber,40912,SP
98,Luis Rengifo,37237,2B-3B
99,Jake McCarthy,41197,LF-CF-RF
100,Jordan Romano,36380,RP
101,Hyeseong Kim,5134614,2B
102,Dylan Moore,40593,2B-3B-SS-LF
103,Liam Hendriks,31755,RP
104,Jose Caballero,42135,2B-3B-SS
105,Parker Meadows,41223,CF
106,Ceddanne Rafaela,4987382,SS-CF
107,Brayan Bello,4720856,SP
108,Lars Nootbaar,4448736,LF-CF-RF
109,Jackson Jobe,4872647,SP
110,Spencer Arrighetti,4726080,SP
111,Nick Lodolo,42433,SP
112,Nolan Schanuel,4739755,1B
113,Clay Holmes,32827,RP
114,Jesus Luzardo,39667,SP
115,Kristian Campbell,5201569,2B-SS-CF
116,Connor Wong,40086,C
117,Kumar Rocker,4414525,SP
118,Matt Vierling,41636,3B-CF-RF
119,Reese Olson,4734319,SP
120,Jonah Heim,33842,C
121,Victor Robles,35042,LF-CF-RF
122,Wilyer Abreu,4990055,RF
123,Orion Kerkering,4630789,RP
124,Masataka Yoshida,4872598,DH
125,Brandon Lowe,39961,2B-DH
126,Tomoyuki Sugano,4142423,SP
127,Joey Ortiz,42958,3B
128,Drew Rasmussen,42584,SP-RP
129,Matt Strahm,34862,RP
130,Andrew Vaughn,42394,1B-DH
131,Tyler Holton,3983833,SP-RP
132,Roman Anthony,5080767,CF
133,Nolan Gorman,41174,2B
134,Chad Green,33325,RP
135,Lucas Giolito,32697,SP
136,Joc Pederson,31392,DH
137,Ivan Herrera,41889,C
138,Michael Conforto,33711,LF-DH
139,Thairo Estrada,36485,2B
140,Luisangel Acuna,42411,SS
141,Trevor Story,32150,SS
142,Jeremiah Estrada,41014,RP
143,Jordan Walker,4684778,RF
144,Kyle Harrison,4683375,SP
145,Tyler Fitzgerald,43030,SS
146,Blake Treinen,32185,RP
147,Patrick Bailey,4345843,C
148,Jeffrey Springs,35397,SP
149,Ryan McMahon,33247,3B
150,Aaron Civale,40934,SP
151,Grant Holmes,33840,SP-RP
152,Mauricio Dubon,35304,1B-2B-LF-CF
153,Eury Perez,4917854,SP
154,Tyler Rogers,34026,RP
155,Tobias Myers,39716,SP
156,Zack Gelof,4414531,2B
157,Jesse Winker,32833,LF-DH
158,Jacob Wilson,4719300,SS
159,Orlando Arcia,32530,SS
160,Christian Encarnacion-Strand,5012106,1B
161,Andre Pallante,4109034,SP-RP
162,Bubba Chandler,4683325,SP
163,Jake Irvin,41290,SP
164,Luis Ortiz,5101355,SP-RP
165,Andrew Abbott,4414528,SP
166,Coby Mayo,4683371,3B
167,Bo Naylor,41183,C
168,Nick Gonzales,4311634,2B
169,Reid Detmers,4326697,SP
170,Nolan Jones,37340,LF
171,Andrew Painter,4872683,SP
172,Brooks Lee,4629081,3B-SS
173,Eduardo Rodriguez,32675,SP
174,Kyle Manzardo,4917927,DH
175,Spencer Torkelson,4424286,1B
176,Fernando Cruz,34068,RP
177,Rhett Lowder,4758873,SP
178,Garrett Mitchell,4313442,CF-RF
179,Luke Raley,40422,1B-LF-RF
180,Matt Wallner,42427,LF-RF
181,Jose Alvarado,36063,RP
182,Cody Bradford,4142539,SP
183,Jose Miranda,41000,3B-DH
184,Mike Yastrzemski,33341,RF
185,Jordan Lawlar,4872649,3B-SS
186,Jhonkensy Noel,42548,RF
187,Jonathan Aranda,40810,1B
188,Isiah Kiner-Falefa,33572,2B-3B-SS
189,Jordan Hicks,37909,SP-RP
190,Heston Kjerstad,4297758,LF
191,Ernie Clement,41287,3B-SS
192,Alex Vesia,42622,RP
193,Caleb Durbin,5007615,2B-3B
194,David Festa,5124114,SP
195,Bobby Miller,4326703,SP
196,David Robertson,29172,RP
197,Luis Campusano,40521,C
198,DJ Herz,4917686,SP
199,Joey Bart,41168,C
200,Cristian Javier,41261,SP
201,Kyle Bradish,4311625,SP
202,Dustin May,40937,SP
203,Andrew Heaney,32672,SP
204,Joe Musgrove,34848,SP
205,Max Kepler,31870,RF
206,Mitchell Parker,4683356,SP
207,Jon Gray,33203,SP
208,Tony Gonsolin,38958,SP
209,Jacob Young,4414210,CF
210,Bryan De La Cruz,40787,LF-RF-DH
211,Edward Cabrera,40944,SP
212,Travis Bazzana,5007707,2B
213,Miguel Amaya,38905,C
214,Kris Bryant,33172,1B-RF
215,Ben Brown,41516,SP-RP
216,Noelvi Marte,41307,3B
217,Enrique Hernandez,31358,3B
218,Luis Garcia,4684365,SP
219,Anthony Rizzo,30782,1B
220,Max Meyer,4345164,SP
221,Oswaldo Cabrera,40835,3B
222,Hayden Birdsong,5197166,SP
223,Dalton Rushing,4619839,C-LF
224,Sam Basallo,4917646,C-1B
225,Otto Lopez,41917,2B
226,Paul Sewald,35009,RP
227,Walker Jenkins,5148963,CF
228,Chris Martin,32903,RP
229,Noah Schultz,5080754,SP
230,Jo Adell,40854,RF
231,Jace Jung,4721040,3B
232,Hunter Goodman,4416591,C-RF
233,Jarred Kelenic,41150,LF-CF
234,Travis d'Arnaud,29951,C
235,Andy Pages,42468,CF-RF
236,Marcelo Mayer,4872648,SS
237,Hunter Renfroe,33205,RF
238,Jac Caglianone,4926296,1B
239,Jose Soriano,40973,SP
240,Trey Sweeney,4414687,SS
241,Nolan McLean,4433874,DH-SP
242,Mark Leiter Jr.,36202,RP
243,DJ LeMahieu,30765,1B-3B
244,Mitch Garver,33667,C-DH
245,LaMonte Wade Jr.,37798,1B
246,Max Clark,5148964,CF
247,A.J. Minter,36133,RP
248,Edwin Uceta,41308,RP
249,Chase DeLauter,4619649,CF-RF
250,Carson Williams,4872692,SS
251,Ryne Nelson,4916269,SP
252,Chase Burns,4927516,SP
253,Colson Montgomery,4872685,SS
254,Bryce Eldridge,5149064,1B
255,Matt Brash,4894467,RP
256,Sean Burke,4867679,SP
257,Ronny Mauricio,40978,2B
258,Kevin Ginkel,41432,RP
259,Jake Rogers,39900,C
260,Calvin Faucher,3978173,RP
261,Christian Moore,4927523,2B
262,Drew Thorpe,4629086,SP
263,Jack Leiter,4622181,SP-RP
264,Freddy Fermin,41928,C-DH
265,Danny Jansen,35004,C
266,Justin Turner,29607,1B-DH
267,Michael McGreevy,4424141,SP
268,Quinn Mathews,4837405,SP
269,Jake Fraley,37974,RF
270,Casey Mize,41167,SP
271,Kris Bubic,41201,RP
272,Mitch Spence,4987645,SP-RP
273,Andrew McCutchen,28701,DH
274,Tylor Megill,3332018,SP
275,Chase Dollander,4719068,SP
276,Trevor Larnach,41205,LF-DH
277,Cade Horton,4692526,SP
278,Kyle Teel,4743772,C
279,Jonny DeLuca,5005912,CF-RF
280,Emmanuel Rodriguez,42491,CF
281,Charlie Condon,5033089,LF
282,Kyle Higashioka,30545,C
283,Nick Kurtz,4966637,1B
284,Jacob Misiorowski,5080761,SP-RP
285,Lance McCullers Jr.,32764,SP
286,Garrett Whitlock,39674,SP
287,Deyvison De Los Santos,4989046,1B-3B
288,Jorge Polanco,32525,2B
289,Endy Rodriguez,4712767,C
290,Alex Cobb,31086,SP
291,Craig Kimbrel,30653,RP
292,Jose Siri,33954,CF
293,Derek Law,33139,RP
294,Yariel Rodriguez,4411979,SP
295,Geraldo Perdomo,41355,SS
296,AJ Smith-Shawver,4917640,SP
297,Michael Lorenzen,33252,SP
298,J.D. Martinez,31065,DH
299,Edouard Julien,3985190,2B
300,Vaughn Grissom,42503,2B
301,Spencer Jones,4867424,CF
302,Sebastian Walcott,5150947,3B-SS
303,Ryan Weathers,41178,SP
304,Johan Rojas,42829,CF
305,Jose Butto,4905900,SP-RP
306,Leody Taveras,34951,CF
307,Ethan Salas,5124004,C
308,Chris Taylor,32900,2B-3B-LF
309,Alek Manoah,42436,SP
310,David Hamilton,42987,2B-SS
311,Hunter Harvey,33191,RP
312,Brandon Sproat,4621041,SP
313,Reed Garrett,36526,RP
314,Kyle Isbel,41263,CF
315,Jose Leclerc,33926,RP
316,Matt Waldron,4020158,SP
317,Triston McKenzie,34954,SP
318,Hagen Smith,5023126,SP
319,Richie Palacios,41359,2B-LF-RF
320,Aaron Ashby,41325,RP
321,Jake Meyers,40719,CF
322,Chas McCormick,40574,LF-RF
323,Harrison Bader,35062,CF
324,Miguel Vargas,42453,3B-LF
325,Lance Lynn,30820,SP
326,Tyler Mahle,34973,SP
327,Javier Baez,32127,SS
328,JJ Wetherholt,4941056,SS
329,Brayan Rocchio,41217,SS
330,Brett Baty,42414,3B
331,Leodalis De Vries,5196124,SS
332,Tink Hence,4920836,SP
333,Gary Sanchez,31095,C-DH
334,Bryan Hudson,4991171,RP
335,Austin Hays,36928,LF
336,Colin Rea,33950,SP
337,Cole Sands,3983841,RP
338,DL Hall,41018,SP-RP
339,Lazaro Montes,5124103,RF
340,Eloy Jimenez,33867,DH
341,Will Vest,41606,RP
342,Owen Caissie,4917685,LF-RF
343,Yimi Garcia,32888,RP
344,Orelvis Martinez,41306,2B-3B
345,Wenceel Perez,41586,CF-RF
346,Dylan Lee,41455,RP
347,Amed Rosario,33215,2B-RF-DH
348,Michael Massey,4109223,2B
349,Colt Emerson,5149068,SS
350,Xavier Isaac,5080779,1B
351,Jose Trevino,35268,C
352,Edmundo Sosa,33809,2B-3B-SS
353,Termarr Johnson,5080632,2B-SS
354,Hurston Waldrep,4740117,SP
355,Beau Brieske,4917779,SP-RP
356,Jonah Bride,3960984,1B
357,Justin Slaten,4917925,RP
358,Victor Scott II,4807220,CF
359,Tyler Black,4414183,1B
360,Esteury Ruiz,39680,LF-CF
361,Josh Rojas,40718,3B
362,Ryan Thompson,38628,RP
363,Zebby Matthews,4791597,SP
364,Ricky Tiedemann,4917902,SP
365,Druw Jones,5080631,CF
366,Braxton Garrett,40971,SP
367,Aidan Miller,5148968,SS
368,Jesus Made,5196211,SS
369,Taylor Rogers,33671,RP
370,Donovan Solano,29703,1B-3B-DH
371,Tyler Kinley,34166,RP
372,Thomas White,5149065,SP
373,Hayden Wesneski,42996,SP-RP
374,Pierce Johnson,32777,RP
375,Griffin Canning,41065,SP
376,Jose Iglesias,30382,2B-3B
377,Brendan Rodgers,35073,2B
378,Josue De Paula,5102682,LF-RF
379,Wander Franco,40929,SS
380,Jorge Lopez,33833,RP
381,Colin Holderman,4917897,RP
382,Brady House,4872681,3B
383,Cam Smith,5080766,3B
384,Michael Soroka,34984,SP-RP
385,Kenta Maeda,34892,SP-RP
386,Caden Dana,5197473,SP
387,Tommy Pham,31208,LF-CF-RF
388,Ty France,35591,1B
389,Ben Rice,5016968,1B
390,Osvaldo Bido,5132624,SP-RP
391,Chris Paddack,35999,SP
392,Miguel Rojas,30791,SS
393,Aaron Bummer,36131,RP
394,Garrett Cleavinger,36429,RP
395,Elias Diaz,33594,C
396,Jonathan Cannon,4620398,SP
397,Kyle Wright,39652,SP
398,Braden Montgomery,4950345,RF
399,Erik Miller,4152950,SP-RP
400,Trevor Williams,33305,SP
401,Christian Scott,4414215,SP
402,Travis Sykora,5149082,SP
403,Henry Davis,4418683,C
404,Gio Urshela,32721,3B
405,Marco Luciano,41198,2B-SS
406,Jett Williams,5080638,SS
407,Juan Brito,5116859,1B-2B-3B
408,Austin Gomber,34897,SP
409,Robert Gasser,4918251,SP
410,Joey Loperfido,4297976,LF-CF
411,Zach McKinstry,38420,3B-SS
412,Nate Pearson,39646,RP
413,Ryan Feltner,4019484,SP
414,Cade Povich,5085743,SP
415,Anthony Banda,34542,RP
416,Robert Garcia,5125167,RP
417,Keegan Akin,36724,RP
418,Kyle Stowers,42796,LF
419,Kevin McGonigle,5149072,2B-SS
420,Martin Perez,31098,SP
421,Alek Thomas,41215,CF
422,Mickey Moniak,36181,CF
423,Tim Herrin,4228579,RP
424,Emmet Sheehan,4417806,SP
425,Harry Ford,4872682,C
426,Jared Triolo,42933,2B-3B
427,Yoan Moncada,33984,3B
428,Edgar Quero,4917824,C
429,Kevin Alcantara,42500,CF
430,Mike Tauchman,33956,RF-DH
431,Luke Keaschall,4977664,2B
432,Seth Halvorsen,5204400,RP
433,Carson Kelly,32797,C
434,Jordan Beck,4619460,LF-RF
435,Cole Young,5080641,2B-SS
436,Tayler Scott,39711,RP
437,Ian Anderson,40916,SP
438,River Ryan,5007605,SP
439,Wilmer Flores,30627,1B
440,Adael Amador,4917787,2B
441,Gavin Sheets,40700,1B-RF-DH
442,Jake Cousins,42964,RP
443,Matthew Liberatore,41173,SP-RP
444,Cade Cavalli,4308037,SP
445,Noble Meyer,5148967,SP
446,Emerson Hancock,4297897,SP
447,Drake Baldwin,4810190,C
448,Blake Perkins,36974,CF
449,Kevin Kelly,5001153,RP
450,Luis Matos,4722941,CF-RF
451,German Marquez,34874,SP
452,Nick Fortes,41674,C
453,Konnor Griffin,5218285,CF
454,Ryan Fernandez,5002952,RP
455,Landon Knack,4417826,SP
456,Alec Marsh,4424276,SP
457,Agustin Ramirez,5132014,C-1B
458,Adrian Morejon,40917,RP
459,Ian Hamilton,41127,RP
460,Robby Snelling,5080753,SP
461,Adrian Del Castillo,41464,C
462,Moises Ballesteros,4987418,C
463,Mark Canha,31670,1B-LF-DH
464,Will Wagner,4413898,2B
465,Victor Caratini,33229,C
466,Will Brennan,4088296,RF
467,Tyler Freeman,40958,CF
468,Felnin Celesten,5150934,SS
469,Gregory Soto,39804,RP
470,Mick Abel,4718970,SP
471,Tyler Alexander,40360,SP-RP
472,Cam Collier,5080634,3B
473,Paul DeJong,35185,3B-SS
474,Josh Winckowski,4713488,SP-RP
475,Joey Estes,4917636,SP
476,Justin Crawford,5080642,CF
477,Lenyn Sosa,41684,2B-3B
478,John Schreiber,39949,RP
479,Paul Blackburn,32776,SP
480,Josiah Gray,41165,SP
481,Dillon Dingler,4345620,C
482,Will Benson,39216,LF-CF-RF
483,James Outman,41802,CF
484,Justyn-Henry Malloy,4718623,LF-DH
485,Tommy Kahnle,31867,RP
486,Christian Vazquez,31389,C
487,Cal Quantrill,39875,SP
488,Brusdar Graterol,40965,RP
489,Kyle Freeland,33839,SP
490,Austin Barnes,32856,C
491,Johan Oviedo,41405,SP
492,Randal Grichuk,31399,RF-DH
493,Ryan Brasier,30189,RP
494,Tim Hill,37005,RP
495,Jordan Wicks,4420749,SP
496,Carson Whisenhunt,4626232,SP
497,Joey Cantillo,42488,SP
498,Drew Gilbert,4619467,CF
499,Spencer Turnbull,33732,SP-RP
500,Shinnosuke Ogasawara,5264585,SP
501,Korey Lee,4418346,C
502,Zac Veen,4717903,LF
503,Oswald Peraza,42479,SS
504,Bryce Elder,4301067,SP
505,Cam Caminiti,5218289,SP
506,John Means,39948,SP
507,Trent Grisham,34995,CF
508,James Triantos,4917690,2B
509,Kevin Newman,35022,2B-SS
510,Bryce Rainer,5218286,SS
511,Dennis Santana,39801,RP
512,Patrick Corbin,31313,SP
513,Jarlin Susana,5085894,SP
514,Jeferson Quero,4917867,C
515,Jack Suwinski,36754,LF-CF-RF
516,Thomas Saggese,4999876,2B
517,Juan Yepez,4895558,1B
518,Adam Frazier,33546,2B-RF
519,Hector Neris,32377,RP
520,Taijuan Walker,31864,SP
521,Jackson Ferris,5080752,SP
522,Austin Martin,4297998,LF-CF
523,Ryne Stanek,33301,RP
524,Hoby Milner,36088,RP
525,Cionel Perez,36089,RP
526,Tyler Wells,4717904,SP
527,Logan Allen,4683350,SP
528,Garrett Stubbs,35760,C
529,Jason Heyward,29551,RF
530,Jon Berti,32273,3B
531,Daniel Schneemann,42001,SS-CF
532,Tyler Ferguson,41612,RP
533,Louie Varland,4917888,SP-RP
534,Keider Montero,5182933,SP
535,Whit Merrifield,32422,2B-LF
536,Nick Yorke,4683379,2B
537,Ramon Urias,40610,3B
538,Romy Gonzalez,42826,1B-2B-SS
539,Jorbit Vivas,4722676,2B-3B
540,Trent Thornton,36728,RP
541,Thomas Harrington,4736800,SP
542,Trevor Rogers,39640,SP
543,Trey Yesavage,4949041,SP
544,Tim Anderson,33184,SS
545,Andrew Nardi,3975840,RP
546,Craig Yoho,4417465,RP
547,Justin Anderson,37611,RP
548,Steven Matz,33106,SP-RP
549,Graham Ashcraft,4084179,SP
550,Quinn Priester,42449,SP-RP
551,Daniel Espino,42438,SP
552,Eddie Rosario,31944,LF-RF
553,Yilber Diaz,5217798,SP
554,Bryse Wilson,40922,SP-RP
555,Ty Madden,4414347,SP
556,Jurrangelo Cijntje,5128581,SP
557,Rob Refsnyder,33411,LF-RF
558,Scott Barlow,32156,RP
559,Anthony Bender,42171,RP
560,Tanner Banks,40437,RP
561,Victor Vodnik,4722599,RP
562,Michael Tonkin,32594,RP
563,Erik Swanson,36013,RP
564,Gregory Santos,39682,RP
565,James McArthur,3960883,RP
566,Dylan Lesko,5080636,SP
567,Billy Cook,5137038,1B-CF-RF
568,Ezequiel Duran,42457,3B
569,Tyson Miller,42362,RP
570,Valente Bellozo,5216700,SP
571,Davis Martin,42823,SP
572,Patrick Sandoval,40975,SP
573,Rece Hinds,42545,RF
574,Vidal Brujan,40462,2B-SS
575,Anthony Rendon,32098,3B
576,Max Schuemann,3962127,3B-SS
577,Shawn Armstrong,33499,SP-RP
578,Slade Cecconi,41462,SP-RP
579,Charlie Blackmon,31084,RF-DH
580,Rowdy Tellez,34287,1B
581,Jose Tena,42105,3B
582,Shay Whitcomb,4683352,3B
583,Addison Barger,4997589,3B-RF
584,Jose Ferrer,5119607,RP
585,Matt Manning,40920,SP
586,Jose Urquidy,35759,SP
587,Pedro Pages,42608,C
588,Kyle Farmer,33287,2B-3B
589,Santiago Espinal,39924,2B-3B
590,Jonatan Clase,4918159,LF-CF
591,Jorge Mateo,33832,2B
592,Jesus Tinoco,39822,RP
593,Joe Mantiply,33691,RP
594,Dedniel Nunez,4717899,RP
595,Jared Shuster,4623366,RP
596,Tyrone Taylor,32783,LF-CF-RF
597,Curtis Mead,42360,2B-3B
598,Daniel Lynch IV,41227,RP
599,Randy Vasquez,4722847,SP
600,Gunnar Henderson,42507,SS
601,Ketel Marte,32512,2B-DH
602,Tarik Skubal,42409,SP
603,Kyle Schwarber,33712,DH
604,Jackson Merrill,4872691,CF
605,Bobby Witt Jr.,42403,SS
606,Rafael Devers,33859,3B
607,Corey Seager,32691,SS
608,Julio Rodriguez,41044,CF
609,Shohei Ohtani,39832,DH-SP
610,Alex Bregman,34886,3B
611,Logan Webb,41216,SP
612,Blake Snell,33748,SP
613,Chris Sale,30948,SP
614,Isaac Paredes,39706,3B
615,Byron Buxton,32655,CF
616,Carlos Rodon,33696,SP
617,Nathan Eovaldi,31174,SP
618,Giancarlo Stanton,30583,DH
619,Michael Busch,42415,1B
620,Heliot Ramos,39642,LF-CF
621,Dylan Cease,34943,SP
622,Kirby Yates,32623,RP
623,Alex Call,38994,RF
624,Michael Kopech,33763,RP
625,Lane Thomas,36409,CF-RF
626,Joe Jimenez,33760,RP
627,MacKenzie Gore,39636,SP
628,Cal Raleigh,41292,C
629,Clarke Schmidt,41085,SP
630,Dean Kremer,38295,SP
631,Tommy Edman,39907,SS-CF
632,Albert Suarez,31109,SP-RP
633,Erick Fedde,33793,SP
634,Pavin Smith,40767,1B-LF-RF
635,Michael Harris II,42470,CF
636,Juan Soto,36969,RF
637,Paul Goldschmidt,31027,1B
638,Mike Trout,30836,CF
639,Tyler Glasnow,33190,SP
640,Yoshinobu Yamamoto,4872587,SP
641,Raisel Iglesias,33618,RP
642,Evan Phillips,37911,RP
643,Carlos Estevez,34861,RP
644,Jeremy Pena,41273,SS
645,Joel Payamps,40021,RP
646,Ranger Suarez,39817,SP
647,Ryan Mountcastle,34940,1B
648,JoJo Romero,40456,RP
649,Mason Miller,4730225,RP
650,Ryan O'Hearn,35183,1B-DH
651,Josh Smith,42884,3B-SS
652,Bryan Reynolds,38980,LF-RF-DH
653,Gerrit Cole,32081,SP
654,Francisco Lindor,32129,SS
655,Christopher Morel,42927,2B-3B-DH
656,Hunter Greene,39635,SP
657,Jack Flaherty,33837,SP
658,Logan Gilbert,41221,SP
659,Salvador Perez,31127,C-1B-DH
660,Jesus Sanchez,39957,RF
661,Gavin Lux,40423,2B
662,Daulton Varsho,40963,LF-CF
663,Michael Toglia,42412,1B
664,Camilo Doval,41337,RP
665,Colton Cowser,4416990,LF-CF-RF
666,Seranthony Dominguez,37793,RP
667,Seth Brown,35676,1B-LF-RF
668,Simeon Woods Richardson,41383,SP
669,Seth Johnson,42542,SP
670,Corbin Carroll,42404,CF-RF
671,Austin Riley,34982,3B
672,Paul Skenes,4719507,SP
673,James Wood,4918256,LF
674,Wyatt Langford,4719324,LF-DH
675,Luis Robert Jr.,39631,CF
676,Zack Wheeler,31267,SP
677,Manny Machado,31097,3B-DH
678,Zac Gallen,39910,SP
679,Aaron Nola,33709,SP
680,Evan Carter,4917921,LF
681,Max Fried,32685,SP
682,Josh Hader,32760,RP
683,Emmanuel Clase,41743,RP
684,Ian Happ,34945,LF
685,Andres Gimenez,37729,2B
686,Ha-Seong Kim,4089862,SS
687,Sean Murphy,33557,C
688,Jeimer Candelario,32531,1B-3B-DH
689,Jordan Montgomery,38173,SP
690,Cedric Mullins,35578,CF
691,Brent Rooker,40926,DH
692,Jarren Duran,41610,LF-CF
693,Yennier Cano,35536,RP
694,Alex Verdugo,33786,LF
695,J.P. Crawford,33210,SS
696,Seth Lugo,34873,SP
697,Gavin Stone,4417230,SP
698,Javier Assad,5002950,SP
699,Tyler Anderson,32151,SP
700,Abraham Toro,40754,3B
701,Davis Schneider,4997181,2B-LF
702,Starling Marte,30830,RF
703,Yandy Diaz,33481,1B-DH
704,David Fry,41672,C-1B-DH
705,Tanner Houck,41009,SP
706,Josh Jung,42437,3B
707,Nolan Arenado,31261,3B
708,Masyn Winn,4683365,SS
709,Bryce Harper,30951,1B
710,Ozzie Albies,33783,2B
711,Kyle Tucker,34967,RF
712,George Kirby,42406,SP
713,Brandon Nimmo,32159,LF-CF
714,Framber Valdez,36581,SP
715,Seiya Suzuki,4142424,RF-DH
716,Grayson Rodriguez,41196,SP
717,Jazz Chisholm Jr.,41433,3B-CF
718,Willy Adames,33675,SS
719,Tanner Bibee,4345278,SP
720,Bailey Ober,3107919,SP
721,Taylor Ward,34923,LF
722,Jason Adam,32145,RP
723,Robert Suarez,4148749,RP
724,Jared Jones,4918156,SP
725,Tyler O'Neill,34168,LF-RF
726,Carlos Correa,32653,SS
727,Hunter Gaddis,4187661,RP
728,Ben Lively,33194,SP
729,Teoscar Hernandez,33377,LF-RF
730,Logan O'Hoppe,42047,C
731,Zach Neto,4666100,SS
732,Josh Bell,32517,1B-DH
733,Colt Keith,4683384,2B
734,Andrew Kittredge,35872,RP
735,Daniel Hudson,30376,RP
736,Matthew Boyd,34401,SP
737,Frankie Montas,33249,SP
738,Landen Roupp,4345404,RP
739,TJ Friedl,36020,CF
740,Jose Ramirez,32801,3B-DH
741,Elly De La Cruz,4917694,SS
742,Junior Caminero,4905921,3B
743,Fernando Tatis Jr.,35983,RF
744,Pete Alonso,37498,1B
745,Jackson Holliday,5080633,2B
746,Adolis Garcia,35537,RF-DH
747,Vladimir Guerrero Jr.,35002,1B-DH
748,Jose Altuve,31662,2B
749,Matt Olson,32767,1B
750,Adley Rutschman,42178,C-DH
751,Marcell Ozuna,31668,DH
752,Xander Bogaerts,31606,2B-SS
753,George Springer,32078,RF-DH
754,Max Muncy,33303,3B
755,Dansby Swanson,34895,SS
756,Steven Kwan,41996,LF
757,Justin Steele,41022,SP
758,Mitch Keller,33722,SP
759,Lourdes Gurriel Jr.,36040,LF
760,Chris Bassitt,33148,SP
761,Jose Berrios,32811,SP
762,Charlie Morton,29155,SP
763,Marcus Stroman,32815,SP
764,Nick Pivetta,36071,SP
765,Brandon Marsh,40803,LF-CF
766,JJ Bleday,42410,CF
767,Kyle Gibson,31053,SP
768,Eugenio Suarez,32367,3B
769,Kyle Hendricks,33173,SP
770,Jeff McNeil,33900,2B
771,Miles Mikolas,32116,SP
772,Jose Quintana,32106,SP
773,Zack Littell,36052,SP
774,JP Sears,39818,SP
775,Kutter Crawford,41277,SP
776,Bailey Falter,4705677,SP
777,Rhys Hoskins,35291,1B-DH
778,Andrew Benintendi,34986,LF
779,Freddie Freeman,30193,1B
780,Aaron Judge,33192,CF-DH
781,Mookie Betts,33039,SS-RF
782,William Contreras,39895,C-DH
783,Gleyber Torres,33804,2B
784,Freddy Peralta,39825,SP
785,Cole Ragans,41054,SP
786,Anthony Santander,36084,RF-DH
787,Zach Eflin,32804,SP
788,Sonny Gray,32082,SP
789,Yu Darvish,32055,SP
790,Max Scherzer,28976,SP
791,Bryan Woo,4629089,SP
792,Luis Gil,40626,SP
793,Yordan Alvarez,36018,LF-DH
794,Jorge Soler,32558,RF-DH
795,Jacob deGrom,32796,SP
796,Jake Burger,39882,1B-3B-DH
797,David Peterson,40921,SP
798,Robbie Ray,32175,SP
799,Walker Buehler,39251,SP
800,Jasson Dominguez,42401,LF
801,Jameson Taillon,31258,SP
802,Alec Bohm,41169,3B
803,Gavin Williams,4345076,SP
804,Brant Hurter,5197093,RP
805,Yusei Kikuchi,41415,SP
806,Michael King,40429,SP
807,Garrett Crochet,4297835,SP
808,Marcus Semien,32146,2B
809,Corbin Burnes,39878,SP
810,Kevin Gausman,32667,SP
811,Randy Arozarena,36488,LF
812,Royce Lewis,40635,3B-DH
813,Pablo Lopez,39671,SP
814,Josh Lowe,40557,RF
815,Bryson Stott,42417,2B
816,Jackson Chourio,4917869,LF-RF
817,Matt Chapman,33857,3B
818,Justin Verlander,6341,SP
819,CJ Abrams,42402,SS
820,Shota Imanaga,5134630,SP
821,Ryan Helsley,39909,RP
822,Tanner Scott,35135,RP
823,Mitch Haniger,32771,RF-DH
824,Clayton Kershaw,28963,SP
825,Yuki Matsui,4142414,RP
826,MJ Melendez,40948,LF
827,Dane Dunning,36080,SP-RP
828,Jake Cronenworth,36364,1B-2B
829,Kyle Finnegan,36543,RP
830,Brady Singer,41172,SP
831,Connor Joe,35440,1B-RF
832,Brice Turang,41179,2B
833,Ezequiel Tovar,4905919,SS
834,Sal Frelick,4417795,LF-CF-RF
835,Ronald Acuna Jr.,36185,RF
836,Ke'Bryan Hayes,35020,3B
837,Tyler Soderstrom,4686066,1B
838,Spencer Strider,4307825,SP
